Sample_ID,Sample_name,burn,rep,tsf,timesburned,temp,incday,co2
UP4,Unburned_mile80,Unburned,1,0,0,4,2,0.216086598
UP4,Unburned_mile80,Unburned,2,0,0,4,2,0.223819298
UP4,Unburned_mile80,Unburned,3,0,0,4,2,0.213950358
B714,Burned 71,Burned,1,51,1,4,2,0.368541246
B714,Burned 71,Burned,2,51,1,4,2,0.079563122
B714,Burned 71,Burned,3,51,1,4,2,0.306137202
B20024,Burned 2002,Burned,1,20,1,4,2,0.219966587
B20024,Burned 2002,Burned,2,20,1,4,2,0.222474505
B20024,Burned 2002,Burned,3,20,1,4,2,0.375220404
B20194,Burned 2019 2X,Burned,1,3,2,4,2,0.277062448
B20194,Burned 2019 2X,Burned,2,3,2,4,2,0.450599455
B20194,Burned 2019 2X,Burned,3,3,2,4,2,0.276166007
B3X4,Burned 2019 3X ,Burned,1,3,3,4,2,0.075858175
B3X4,Burned 2019 3X ,Burned,2,3,3,4,2,0.142938714
B3X4,Burned 2019 3X ,Burned,3,3,3,4,2,0.33039917
B4X4,Burned 4X ,Burned,1,7,4,4,2,0.183563202
B4X4,Burned 4X ,Burned,2,7,4,4,2,0.099117717
B4X4,Burned 4X ,Burned,3,7,4,4,2,0.063443607
UP4,Unburned_mile80,Unburned,1,0,0,14,2,0.611108826
UP4,Unburned_mile80,Unburned,2,0,0,14,2,0.64241858
UP4,Unburned_mile80,Unburned,3,0,0,14,2,0.715756166
B714,Burned 71,Burned,1,51,1,14,2,1.112856121
B714,Burned 71,Burned,2,51,1,14,2,0.401439057
B714,Burned 71,Burned,3,51,1,14,2,0.893262306
B20024,Burned 2002,Burned,1,20,1,14,2,0.682344984
B20024,Burned 2002,Burned,2,20,1,14,2,0.609690334
B20024,Burned 2002,Burned,3,20,1,14,2,0.876331638
B20194,Burned 2019 2X,Burned,1,3,2,14,2,0.754137986
B20194,Burned 2019 2X,Burned,2,3,2,14,2,1.177252216
B20194,Burned 2019 2X,Burned,3,3,2,14,2,0.875995959
B3X4,Burned 2019 3X ,Burned,1,3,3,14,2,0.251887411
B3X4,Burned 2019 3X ,Burned,2,3,3,14,2,0.311106818
B3X4,Burned 2019 3X ,Burned,3,3,3,14,2,1.044497228
B4X4,Burned 4X ,Burned,1,7,4,14,2,0.581860888
B4X4,Burned 4X ,Burned,2,7,4,14,2,-0.070845873
B4X4,Burned 4X ,Burned,3,7,4,14,2,0.195893899
UP4,Unburned_mile80,Unburned,1,0,0,4,6,0.314771481
UP4,Unburned_mile80,Unburned,2,0,0,4,6,0.367173217
UP4,Unburned_mile80,Unburned,3,0,0,4,6,0.460096794
B714,Burned 71,Burned,1,51,1,4,6,0.749577096
B714,Burned 71,Burned,2,51,1,4,6,0.262915944
B714,Burned 71,Burned,3,51,1,4,6,0.581650111
B20024,Burned 2002,Burned,1,20,1,4,6,0.447632988
B20024,Burned 2002,Burned,2,20,1,4,6,0.333907351
B20024,Burned 2002,Burned,3,20,1,4,6,0.357684979
B20194,Burned 2019 2X,Burned,1,3,2,4,6,0.435705108
B20194,Burned 2019 2X,Burned,2,3,2,4,6,0.448099438
B20194,Burned 2019 2X,Burned,3,3,2,4,6,0.421186325
B3X4,Burned 2019 3X ,Burned,1,3,3,4,6,0.151598707
B3X4,Burned 2019 3X ,Burned,2,3,3,4,6,0.168534235
B3X4,Burned 2019 3X ,Burned,3,3,3,4,6,0.457161127
B4X4,Burned 4X ,Burned,1,7,4,4,6,0.457915907
B4X4,Burned 4X ,Burned,2,7,4,4,6,0.322407062
B4X4,Burned 4X ,Burned,3,7,4,4,6,0.131139847
UP4,Unburned_mile80,Unburned,1,0,0,14,6,1.13877462
UP4,Unburned_mile80,Unburned,2,0,0,14,6,0.742212919
UP4,Unburned_mile80,Unburned,3,0,0,14,6,1.523776811
B714,Burned 71,Burned,1,51,1,14,6,1.082276333
B714,Burned 71,Burned,2,51,1,14,6,0.222079965
B714,Burned 71,Burned,3,51,1,14,6,1.320979806
B20024,Burned 2002,Burned,1,20,1,14,6,0.548775342
B20024,Burned 2002,Burned,2,20,1,14,6,0.485258415
B20024,Burned 2002,Burned,3,20,1,14,6,0.648951447
B20194,Burned 2019 2X,Burned,1,3,2,14,6,0.555834557
B20194,Burned 2019 2X,Burned,2,3,2,14,6,0.651456299
B20194,Burned 2019 2X,Burned,3,3,2,14,6,0.582357988
B3X4,Burned 2019 3X ,Burned,1,3,3,14,6,0.083557278
B3X4,Burned 2019 3X ,Burned,2,3,3,14,6,0.118746126
B3X4,Burned 2019 3X ,Burned,3,3,3,14,6,0.643169049
B4X4,Burned 4X ,Burned,1,7,4,14,6,0.359254702
B4X4,Burned 4X ,Burned,2,7,4,14,6,0.398215704
B4X4,Burned 4X ,Burned,3,7,4,14,6,0.100793924
UP4,Unburned_mile80,Unburned,1,0,0,4,15,0.431027444
UP4,Unburned_mile80,Unburned,2,0,0,4,15,0.28519999
UP4,Unburned_mile80,Unburned,3,0,0,4,15,0.549921961
B714,Burned 71,Burned,1,51,1,4,15,0.361742442
B714,Burned 71,Burned,2,51,1,4,15,0.228059157
B714,Burned 71,Burned,3,51,1,4,15,0.380612523
B20024,Burned 2002,Burned,1,20,1,4,15,0.186827503
B20024,Burned 2002,Burned,2,20,1,4,15,0.141440259
B20024,Burned 2002,Burned,3,20,1,4,15,0.19950811
B20194,Burned 2019 2X,Burned,1,3,2,4,15,0.168233639
B20194,Burned 2019 2X,Burned,2,3,2,4,15,0.229743147
B20194,Burned 2019 2X,Burned,3,3,2,4,15,0.247210353
B3X4,Burned 2019 3X ,Burned,1,3,3,4,15,0.072557835
B3X4,Burned 2019 3X ,Burned,2,3,3,4,15,0.086413336
B3X4,Burned 2019 3X ,Burned,3,3,3,4,15,0.237062479
B4X4,Burned 4X ,Burned,1,7,4,4,15,0.149870054
B4X4,Burned 4X ,Burned,2,7,4,4,15,0.112571558
B4X4,Burned 4X ,Burned,3,7,4,4,15,0.063511627
UP4,Unburned_mile80,Unburned,1,0,0,14,15,0.373565359
UP4,Unburned_mile80,Unburned,2,0,0,14,15,0.388574011
UP4,Unburned_mile80,Unburned,3,0,0,14,15,0.70805266
B714,Burned 71,Burned,1,51,1,14,15,0.598653213
B714,Burned 71,Burned,2,51,1,14,15,0.30005578
B714,Burned 71,Burned,3,51,1,14,15,0.568243974
B20024,Burned 2002,Burned,1,20,1,14,15,0.305562799
B20024,Burned 2002,Burned,2,20,1,14,15,0.306612929
B20024,Burned 2002,Burned,3,20,1,14,15,0.366292219
B20194,Burned 2019 2X,Burned,1,3,2,14,15,0.420265144
B20194,Burned 2019 2X,Burned,2,3,2,14,15,0.424762703
B20194,Burned 2019 2X,Burned,3,3,2,14,15,0.360846277
B3X4,Burned 2019 3X ,Burned,1,3,3,14,15,0.150911662
B3X4,Burned 2019 3X ,Burned,2,3,3,14,15,0.174586166
B3X4,Burned 2019 3X ,Burned,3,3,3,14,15,0.48829501
B4X4,Burned 4X ,Burned,1,7,4,14,15,0.246735356
B4X4,Burned 4X ,Burned,2,7,4,14,15,0.295490101
B4X4,Burned 4X ,Burned,3,7,4,14,15,0.134504944
UP4,Unburned_mile80,Unburned,1,0,0,4,30,0.19139052
UP4,Unburned_mile80,Unburned,2,0,0,4,30,0.191272556
UP4,Unburned_mile80,Unburned,3,0,0,4,30,0.260140534
B714,Burned 71,Burned,1,51,1,4,30,0.193895261
B714,Burned 71,Burned,2,51,1,4,30,0.063194423
B714,Burned 71,Burned,3,51,1,4,30,0.227361069
B20024,Burned 2002,Burned,1,20,1,4,30,0.125351335
B20024,Burned 2002,Burned,2,20,1,4,30,0.096740056
B20024,Burned 2002,Burned,3,20,1,4,30,0.151107179
B20194,Burned 2019 2X,Burned,1,3,2,4,30,0.121660054
B20194,Burned 2019 2X,Burned,2,3,2,4,30,0.194277096
B20194,Burned 2019 2X,Burned,3,3,2,4,30,0.173700832
B3X4,Burned 2019 3X ,Burned,1,3,3,4,30,0.026487347
B3X4,Burned 2019 3X ,Burned,2,3,3,4,30,0.052722346
B3X4,Burned 2019 3X ,Burned,3,3,3,4,30,0.169155059
B4X4,Burned 4X ,Burned,1,7,4,4,30,0.102290574
B4X4,Burned 4X ,Burned,2,7,4,4,30,0.081385909
B4X4,Burned 4X ,Burned,3,7,4,4,30,0.045904763
UP4,Unburned_mile80,Unburned,1,0,0,14,30,0.41971164
UP4,Unburned_mile80,Unburned,2,0,0,14,30,0.502924801
UP4,Unburned_mile80,Unburned,3,0,0,14,30,0.43191533
B714,Burned 71,Burned,1,51,1,14,30,0.442806297
B714,Burned 71,Burned,2,51,1,14,30,0.08459948
B714,Burned 71,Burned,3,51,1,14,30,0.50629282
B20024,Burned 2002,Burned,1,20,1,14,30,0.242578883
B20024,Burned 2002,Burned,2,20,1,14,30,0.184601695
B20024,Burned 2002,Burned,3,20,1,14,30,0.297373503
B20194,Burned 2019 2X,Burned,1,3,2,14,30,0.294619149
B20194,Burned 2019 2X,Burned,2,3,2,14,30,0.382134384
B20194,Burned 2019 2X,Burned,3,3,2,14,30,0.289222368
B3X4,Burned 2019 3X ,Burned,1,3,3,14,30,0.010592264
B3X4,Burned 2019 3X ,Burned,2,3,3,14,30,0.008452878
B3X4,Burned 2019 3X ,Burned,3,3,3,14,30,0.405993711
B4X4,Burned 4X ,Burned,1,7,4,14,30,0.19854941
B4X4,Burned 4X ,Burned,2,7,4,14,30,0.330986876
B4X4,Burned 4X ,Burned,3,7,4,14,30,0.01782705
